{
    "author": "Your Name",
    "description": "Professional and clean theme for Paymenter",
    "settings": [
        {
            "type": "subcategory",
            "label": "Colors Primary",
            "settings": [
                {
                    "type": "color",
                    "label": "Primary 50",
                    "name": "primary-50",
                    "default": "#EFF6FF"
                },
                {
                    "type": "color",
                    "label": "Primary 100",
                    "name": "primary-100",
                    "default": "#DBEAFE"
                },
                {
                    "type": "color",
                    "label": "Primary 200",
                    "name": "primary-200",
                    "default": "#BFDBFE"
                },
                {
                    "type": "color",
                    "label": "Primary 300",
                    "name": "primary-300",
                    "default": "#93C5FD"
                },
                {
                    "type": "color",
                    "label": "Primary 400",
                    "name": "primary-400",
                    "default": "#3B82F6"
                }
            ]
        },
        {
            "type": "subcategory",
            "label": "Colors Secondary",
            "settings": [
                {
                    "type": "color",
                    "label": "Secondary 50",
                    "name": "secondary-50",
                    "default": "#FFFFFF"
                },
                {
                    "type": "color",
                    "label": "Secondary 100",
                    "name": "secondary-100",
                    "default": "#F9FAFB"
                },
                {
                    "type": "color",
                    "label": "Secondary 200",
                    "name": "secondary-200",
                    "default": "#F3F4F6"
                },
                {
                    "type": "color",
                    "label": "Secondary 300",
                    "name": "secondary-300",
                    "default": "#E5E7EB"
                },
                {
                    "type": "color",
                    "label": "Secondary 400",
                    "name": "secondary-400",
                    "default": "#9CA3AF"
                },
                {
                    "type": "color",
                    "label": "Secondary 500",
                    "name": "secondary-500",
                    "default": "#6B7280"
                },
                {
                    "type": "color",
                    "label": "Secondary 600",
                    "name": "secondary-600",
                    "default": "#4B5563"
                },
                {
                    "type": "color",
                    "label": "Secondary 700",
                    "name": "secondary-700",
                    "default": "#374151"
                },
                {
                    "type": "color",
                    "label": "Secondary 800",
                    "name": "secondary-800",
                    "default": "#1F2937"
                },
                {
                    "type": "color",
                    "label": "Secondary 900",
                    "name": "secondary-900",
                    "default": "#111827"
                }
            ]
        },
        {
            "type": "subcategory",
            "label": "Colors Secondary (DarkMode)",
            "settings": [
                {
                    "type": "color",
                    "label": "Secondary 50",
                    "name": "secondary-50-dark",
                    "default": "#0F172A"
                },
                {
                    "type": "color",
                    "label": "Secondary 100",
                    "name": "secondary-100-dark",
                    "default": "#1E293B"
                },
                {
                    "type": "color",
                    "label": "Secondary 200",
                    "name": "secondary-200-dark",
                    "default": "#334155"
                },
                {
                    "type": "color",
                    "label": "Secondary 300",
                    "name": "secondary-300-dark",
                    "default": "#475569"
                },
                {
                    "type": "color",
                    "label": "Secondary 400",
                    "name": "secondary-400-dark",
                    "default": "#64748B"
                },
                {
                    "type": "color",
                    "label": "Secondary 500",
                    "name": "secondary-500-dark",
                    "default": "#94A3B8"
                },
                {
                    "type": "color",
                    "label": "Secondary 600",
                    "name": "secondary-600-dark",
                    "default": "#CBD5E1"
                },
                {
                    "type": "color",
                    "label": "Secondary 700",
                    "name": "secondary-700-dark",
                    "default": "#E2E8F0"
                },
                {
                    "type": "color",
                    "label": "Secondary 800",
                    "name": "secondary-800-dark",
                    "default": "#F1F5F9"
                },
                {
                    "type": "color",
                    "label": "Secondary 900",
                    "name": "secondary-900-dark",
                    "default": "#FFFFFF"
                }
            ]
        }
    ]
}

